# Contents:,Laser Egg f58c98f3-3e63-477d-9091-f501d45d6c5a 37 hours raw data
# Sent To:,<pvschaik@yahoo.com>
# Generated At:,2025-04-21 11:09
# Time Span:,2025-04-20 11:09 to 2025-04-21 23:59
# Row Count:,429
# Time Zone:,UTC+0100
Time Point,PM10 (µg/m³),PM2.5 (µg/m³),humidity (%),st03.TVOC (ppb),temp (C),Overall Index (US),Primary Pollutant
2025-04-20 17:17:52,0,0,41.54,,25.69,0,PM10
2025-04-20 17:18:52,0,0,42.01,,25.65,0,PM10
2025-04-20 17:19:52,2,2,43.15,,25.34,8,PM2.5
2025-04-20 17:20:52,0,0,44.48,,25.17,0,PM10
2025-04-20 17:21:52,0,0,45.5,,25.05,0,PM10
2025-04-20 17:22:52,0,0,46.15,,24.94,0,PM10
2025-04-20 17:23:51,1,0,46.93,3,24.86,0,PM10
2025-04-20 17:24:51,0,0,47.39,1,24.8,0,PM10
2025-04-20 17:25:51,0,0,47.52,1,24.75,0,PM10
2025-04-20 17:26:51,0,0,47.81,2,24.73,0,PM10
2025-04-20 17:27:52,0,0,47.73,4,24.7,0,PM10
2025-04-20 17:28:52,0,0,47.63,3,24.69,0,PM10
2025-04-20 17:29:52,0,0,47.98,6,24.69,1,TVOC
2025-04-20 17:30:52,0,0,47.82,4,24.7,0,PM10
2025-04-20 17:31:52,0,0,47.82,5,24.7,1,TVOC
2025-04-20 17:32:51,1,1,47.69,6,24.74,4,PM2.5
2025-04-20 17:33:51,0,0,47.65,2,24.75,0,PM10
2025-04-20 17:34:51,0,0,47.56,2,24.79,0,PM10
2025-04-20 17:35:51,0,0,47.53,4,24.82,0,PM10
2025-04-20 17:36:51,0,0,47.51,5,24.85,1,TVOC
2025-04-20 17:37:50,0,0,47.35,12,24.89,2,TVOC
2025-04-20 17:38:50,0,0,47.4,19,24.92,4,TVOC
2025-04-20 17:39:50,0,0,47.45,13,24.97,3,TVOC
2025-04-20 17:40:50,1,0,47.52,7,25.01,1,TVOC
2025-04-20 17:41:50,0,0,47.47,4,25.05,0,PM10
2025-04-20 17:42:49,0,0,47.41,8,25.09,1,TVOC
2025-04-20 17:43:49,0,0,47.5,10,25.15,2,TVOC
2025-04-20 17:44:49,0,0,47.49,5,25.19,1,TVOC
2025-04-20 17:45:49,0,0,47.53,3,25.24,0,PM10
2025-04-20 17:46:49,0,0,47.52,5,25.28,1,TVOC
2025-04-20 17:47:50,0,0,47.54,5,25.33,1,TVOC
2025-04-20 17:48:50,1,0,47.5,10,25.38,2,TVOC
2025-04-20 17:49:50,0,0,47.49,15,25.42,3,TVOC
2025-04-20 17:50:50,0,0,47.45,14,25.47,3,TVOC
2025-04-20 17:51:49,0,0,47.47,10,25.52,2,TVOC
2025-04-20 17:52:49,0,0,47.38,12,25.56,2,TVOC
2025-04-20 17:53:49,0,0,47.35,3,25.6,0,PM10
2025-04-20 17:54:49,0,0,47.26,14,25.66,3,TVOC
2025-04-20 17:55:49,0,0,47.08,47,25.73,10,TVOC
2025-04-20 17:56:49,0,0,47.47,126,25.79,29,TVOC
2025-04-20 17:57:49,0,0,47.88,164,25.86,38,TVOC
2025-04-20 17:58:49,0,0,48.17,174,25.92,40,TVOC
2025-04-20 17:59:49,2,0,48.41,176,25.99,40,TVOC
2025-04-20 18:00:49,1,0,48.53,176,26.07,40,TVOC
2025-04-20 18:01:49,3,2,48.74,176,26.15,40,TVOC
2025-04-20 18:02:48,1,1,48.83,179,26.23,41,TVOC
2025-04-20 18:03:48,1,1,48.91,181,26.31,41,TVOC
2025-04-20 18:04:48,1,0,49.06,173,26.39,40,TVOC
2025-04-20 18:05:48,3,2,48.98,151,26.46,35,TVOC
2025-04-20 18:06:48,3,3,49.16,161,26.54,37,TVOC
2025-04-20 18:07:48,0,0,49.03,174,26.62,40,TVOC
2025-04-20 18:08:48,1,1,49.04,181,26.7,41,TVOC
2025-04-20 18:09:48,0,0,49.2,197,26.78,45,TVOC
2025-04-20 18:10:48,2,2,49.23,209,26.87,48,TVOC
2025-04-20 18:11:47,3,3,49.59,225,26.96,51,TVOC
2025-04-20 18:12:47,3,3,49.74,243,27.07,53,TVOC
2025-04-20 18:13:47,4,3,49.29,236,27.17,52,TVOC
2025-04-20 18:14:47,3,3,47.82,212,27.26,49,TVOC
2025-04-20 18:15:47,2,2,47.57,194,27.36,44,TVOC
2025-04-20 18:16:47,3,2,46.31,175,27.45,40,TVOC
2025-04-20 18:22:57,,,53.89,,29.7,,
2025-04-20 18:23:57,0,0,35.62,,29.13,0,PM10
2025-04-20 18:24:57,0,0,37.53,0,27.79,0,PM10
2025-04-20 18:25:57,0,0,37.89,1,27.37,0,PM10
2025-04-20 18:26:57,0,0,38.32,6,26.95,1,TVOC
2025-04-20 18:27:57,0,0,38.78,3,26.59,0,PM10
2025-04-20 18:28:57,0,0,39.23,2,26.26,0,PM10
2025-04-20 18:29:57,0,0,39.57,2,25.98,0,PM10
2025-04-20 18:30:56,0,0,39.9,2,25.75,0,PM10
2025-04-20 18:31:56,0,0,40.19,4,25.56,0,PM10
2025-04-20 18:32:56,0,0,40.41,6,25.4,1,TVOC
2025-04-20 18:33:56,0,0,40.61,4,25.27,0,PM10
2025-04-20 18:34:56,0,0,40.76,5,25.17,1,TVOC
2025-04-20 18:35:56,0,0,40.92,4,25.08,0,PM10
2025-04-20 18:36:56,0,0,41.03,7,25.02,1,TVOC
2025-04-20 18:37:56,0,0,41.13,4,24.96,0,PM10
2025-04-20 18:38:56,0,0,41.23,28,24.9,6,TVOC
2025-04-20 18:39:56,0,0,41.35,33,24.88,7,TVOC
2025-04-20 18:40:56,0,0,41.37,37,24.85,8,TVOC
2025-04-20 18:41:55,0,0,41.43,37,24.84,8,TVOC
2025-04-20 18:42:55,0,0,41.44,35,24.83,8,TVOC
2025-04-20 18:43:55,0,0,41.47,37,24.82,8,TVOC
2025-04-20 18:44:55,0,0,41.44,35,24.81,8,TVOC
2025-04-20 18:45:55,0,0,41.48,34,24.82,7,TVOC
2025-04-20 18:46:55,0,0,41.48,34,24.83,7,TVOC
2025-04-20 18:47:55,0,0,41.46,34,24.83,7,TVOC
2025-04-20 18:48:54,0,0,41.45,35,24.84,8,TVOC
2025-04-20 18:49:54,0,0,41.43,33,24.84,7,TVOC
2025-04-20 18:50:54,0,0,41.39,32,24.85,7,TVOC
2025-04-20 18:51:54,0,0,41.4,32,24.87,7,TVOC
2025-04-20 18:52:55,0,0,41.35,34,24.88,7,TVOC
2025-04-20 18:53:55,0,0,41.32,33,24.9,7,TVOC
2025-04-20 18:54:55,0,0,41.33,33,24.92,7,TVOC
2025-04-20 18:55:55,0,0,41.28,31,24.93,7,TVOC
2025-04-20 18:56:55,0,0,41.24,29,24.95,6,TVOC
2025-04-20 18:57:55,0,0,41.19,30,24.97,6,TVOC
2025-04-20 18:58:54,0,0,41.17,30,25,6,TVOC
2025-04-20 18:59:54,0,0,41.11,29,25.02,6,TVOC
2025-04-20 19:00:54,0,0,41.05,33,25.05,7,TVOC
2025-04-20 19:01:54,0,0,41.01,27,25.07,6,TVOC
2025-04-20 19:02:54,0,0,40.96,29,25.1,6,TVOC
2025-04-20 19:03:54,0,0,40.88,27,25.13,6,TVOC
2025-04-20 19:04:54,0,0,40.84,29,25.15,6,TVOC
2025-04-20 19:05:54,0,0,40.78,28,25.18,6,TVOC
2025-04-20 19:06:54,0,0,40.73,27,25.21,6,TVOC
2025-04-20 19:07:54,0,0,40.7,30,25.24,6,TVOC
2025-04-20 19:08:54,0,0,40.61,29,25.27,6,TVOC
2025-04-20 19:09:54,0,0,40.59,28,25.3,6,TVOC
2025-04-20 19:10:53,0,0,40.55,31,25.33,7,TVOC
2025-04-20 19:11:53,0,0,40.46,32,25.35,7,TVOC
2025-04-20 19:12:53,0,0,40.41,32,25.39,7,TVOC
2025-04-20 19:13:53,0,0,40.34,31,25.42,7,TVOC
2025-04-20 19:14:53,0,0,40.27,29,25.45,6,TVOC
2025-04-20 19:15:53,0,0,40.24,30,25.49,6,TVOC
2025-04-20 19:16:53,0,0,40.19,31,25.52,7,TVOC
2025-04-20 19:17:53,0,0,40.14,30,25.54,6,TVOC
2025-04-20 19:18:53,0,0,40.07,31,25.58,7,TVOC
2025-04-20 19:19:52,0,0,39.99,31,25.6,7,TVOC
2025-04-20 19:20:52,0,0,39.97,32,25.64,7,TVOC
2025-04-20 19:21:52,0,0,39.86,30,25.66,6,TVOC
2025-04-20 19:22:53,0,0,39.86,30,25.69,6,TVOC
2025-04-20 19:23:53,0,0,39.79,31,25.72,7,TVOC
2025-04-20 19:24:53,0,0,39.73,30,25.74,6,TVOC
2025-04-20 19:25:53,0,0,39.68,32,25.78,7,TVOC
2025-04-20 19:26:53,0,0,39.65,29,25.81,6,TVOC
2025-04-20 19:27:52,0,0,39.58,32,25.83,7,TVOC
2025-04-20 19:28:52,0,0,39.49,34,25.87,7,TVOC
2025-04-20 19:29:52,0,0,39.45,33,25.91,7,TVOC
2025-04-20 19:30:52,0,0,39.39,34,25.94,7,TVOC
2025-04-20 19:31:52,0,0,39.3,34,25.98,7,TVOC
2025-04-20 19:32:52,0,0,39.25,30,26.02,6,TVOC
2025-04-20 19:33:52,0,0,39.18,31,26.05,7,TVOC
2025-04-20 19:34:52,0,0,39.14,30,26.07,6,TVOC
2025-04-20 19:35:52,0,0,39.08,33,26.09,7,TVOC
2025-04-20 19:36:52,0,0,39.03,31,26.12,7,TVOC
2025-04-20 19:37:52,0,0,38.98,32,26.15,7,TVOC
2025-04-20 19:38:51,0,0,38.91,32,26.18,7,TVOC
2025-04-20 19:39:51,0,0,38.88,31,26.2,7,TVOC
2025-04-20 19:40:51,0,0,38.8,32,26.23,7,TVOC
2025-04-20 19:41:51,0,0,38.77,30,26.26,6,TVOC
2025-04-20 19:42:51,0,0,38.7,30,26.29,6,TVOC
2025-04-20 19:43:51,0,0,38.62,30,26.32,6,TVOC
2025-04-20 19:44:51,0,0,38.54,32,26.35,7,TVOC
2025-04-20 19:45:51,0,0,38.53,31,26.38,7,TVOC
2025-04-20 19:46:51,0,0,38.46,27,26.41,6,TVOC
2025-04-20 19:47:50,0,0,38.37,32,26.43,7,TVOC
2025-04-20 19:48:50,0,0,38.33,30,26.47,6,TVOC
2025-04-20 19:49:50,0,0,38.27,30,26.5,6,TVOC
2025-04-20 19:50:50,0,0,38.19,31,26.53,7,TVOC
2025-04-20 19:51:50,0,0,38.13,28,26.56,6,TVOC
2025-04-20 19:52:50,0,0,38.06,28,26.58,6,TVOC
2025-04-20 19:53:50,0,0,38.02,30,26.61,6,TVOC
2025-04-20 19:54:50,0,0,37.96,30,26.63,6,TVOC
2025-04-20 19:55:50,0,0,37.88,29,26.66,6,TVOC
2025-04-20 19:56:50,0,0,37.84,31,26.69,7,TVOC
2025-04-20 19:57:50,0,0,37.75,31,26.71,7,TVOC
2025-04-20 19:58:49,0,0,37.74,30,26.75,6,TVOC
2025-04-20 19:59:49,0,0,37.65,35,26.77,8,TVOC
2025-04-20 20:00:49,0,0,37.59,33,26.8,7,TVOC
2025-04-20 20:01:49,0,0,37.55,33,26.82,7,TVOC
2025-04-20 20:02:49,0,0,37.47,35,26.85,8,TVOC
2025-04-20 20:03:49,0,0,37.44,37,26.87,8,TVOC
2025-04-20 20:04:49,0,0,37.36,33,26.9,7,TVOC
2025-04-20 20:05:49,0,0,37.33,38,26.92,8,TVOC
2025-04-20 20:06:49,0,0,37.25,40,26.93,9,TVOC
2025-04-20 20:07:48,0,0,37.19,35,26.96,8,TVOC
2025-04-20 20:08:48,0,0,37.17,37,26.99,8,TVOC
2025-04-20 20:09:48,0,0,37.08,38,27,8,TVOC
2025-04-20 20:10:48,0,0,37.03,37,27.03,8,TVOC
2025-04-20 20:11:48,0,0,36.97,35,27.06,8,TVOC
2025-04-20 20:12:48,0,0,36.93,39,27.08,9,TVOC
2025-04-20 20:13:48,0,0,36.86,37,27.1,8,TVOC
2025-04-20 20:14:48,0,0,36.82,38,27.12,8,TVOC
2025-04-20 20:15:47,0,0,36.77,41,27.15,9,TVOC
2025-04-20 20:16:47,0,0,36.75,38,27.18,8,TVOC
2025-04-20 20:17:47,0,0,36.62,40,27.19,9,TVOC
2025-04-20 20:18:47,0,0,36.62,40,27.21,9,TVOC
2025-04-20 20:19:47,0,0,36.55,40,27.24,9,TVOC
2025-04-20 20:20:47,0,0,36.47,40,27.26,9,TVOC
2025-04-20 20:21:47,0,0,36.47,40,27.29,9,TVOC
2025-04-20 20:22:47,0,0,36.39,43,27.32,9,TVOC
2025-04-20 20:23:47,0,0,36.34,43,27.34,9,TVOC
2025-04-20 20:24:47,0,0,36.29,43,27.37,9,TVOC
2025-04-20 20:25:46,0,0,36.19,42,27.39,9,TVOC
2025-04-20 20:26:46,0,0,36.16,42,27.41,9,TVOC
2025-04-20 20:27:46,0,0,36.11,40,27.43,9,TVOC
2025-04-20 20:28:46,0,0,36.06,39,27.45,9,TVOC
2025-04-20 20:29:46,0,0,36.01,41,27.48,9,TVOC
2025-04-20 20:30:46,0,0,35.96,45,27.5,10,TVOC
2025-04-20 20:31:46,0,0,35.92,43,27.52,9,TVOC
2025-04-20 20:32:46,0,0,35.87,43,27.54,9,TVOC
2025-04-20 20:33:46,0,0,35.82,45,27.57,10,TVOC
2025-04-20 20:34:46,0,0,35.75,42,27.59,9,TVOC
2025-04-20 20:35:46,0,0,35.72,42,27.62,9,TVOC
2025-04-20 20:36:46,0,0,35.66,44,27.64,10,TVOC
2025-04-20 20:37:45,0,0,35.62,46,27.66,10,TVOC
2025-04-20 20:38:45,0,0,35.59,42,27.68,9,TVOC
2025-04-20 20:39:45,0,0,35.53,45,27.71,10,TVOC
2025-04-20 20:40:45,0,0,35.45,45,27.72,10,TVOC
2025-04-20 20:41:45,0,0,35.41,44,27.74,10,TVOC
2025-04-20 20:42:45,0,0,35.38,44,27.76,10,TVOC
2025-04-20 20:43:45,0,0,35.33,45,27.77,10,TVOC
2025-04-20 20:44:45,0,0,35.24,48,27.79,11,TVOC
2025-04-20 20:45:45,0,0,35.2,46,27.82,10,TVOC
2025-04-20 20:46:45,0,0,35.21,45,27.83,10,TVOC
2025-04-20 20:47:44,0,0,35.14,47,27.85,10,TVOC
2025-04-20 20:48:44,0,0,35.12,50,27.87,11,TVOC
2025-04-20 20:49:44,0,0,35.06,59,27.9,13,TVOC
2025-04-20 20:50:44,0,0,34.99,60,27.92,13,TVOC
2025-04-20 20:51:44,0,0,34.96,64,27.93,14,TVOC
2025-04-20 20:52:43,0,0,34.94,71,27.96,16,TVOC
2025-04-20 20:53:43,0,0,34.87,72,27.97,16,TVOC
2025-04-20 20:54:43,0,0,34.82,78,27.99,18,TVOC
2025-04-20 20:55:43,0,0,34.81,79,28.01,18,TVOC
2025-04-20 20:56:43,0,0,34.72,82,28.03,19,TVOC
2025-04-20 20:57:42,0,0,34.68,86,28.05,19,TVOC
2025-04-20 20:58:42,0,0,34.69,93,28.07,21,TVOC
2025-04-20 20:59:42,0,0,34.6,98,28.09,22,TVOC
2025-04-20 21:00:42,0,0,34.53,98,28.11,22,TVOC
2025-04-20 21:01:42,0,0,34.5,104,28.12,24,TVOC
2025-04-20 21:02:42,0,0,34.47,106,28.14,24,TVOC
2025-04-20 21:03:42,0,0,34.43,110,28.16,25,TVOC
2025-04-20 21:04:42,0,0,34.38,115,28.18,26,TVOC
2025-04-20 21:05:41,0,0,34.35,118,28.19,27,TVOC
2025-04-20 21:06:41,0,0,34.32,117,28.22,27,TVOC
2025-04-20 21:07:41,0,0,34.25,124,28.22,28,TVOC
2025-04-20 21:08:41,0,0,34.22,128,28.24,29,TVOC
2025-04-20 21:09:41,0,0,34.2,126,28.26,29,TVOC
2025-04-20 21:10:41,0,0,34.12,132,28.27,30,TVOC
2025-04-20 21:11:41,0,0,34.08,132,28.29,30,TVOC
2025-04-20 21:12:41,0,0,34.05,136,28.31,31,TVOC
2025-04-20 21:13:41,0,0,33.98,136,28.33,31,TVOC
2025-04-20 21:14:41,0,0,33.96,137,28.35,31,TVOC
2025-04-20 21:15:41,0,0,33.92,144,28.37,33,TVOC
2025-04-20 21:16:40,0,0,33.92,147,28.38,34,TVOC
2025-04-20 21:17:40,0,0,33.84,152,28.4,35,TVOC
2025-04-20 21:18:40,0,0,33.81,154,28.42,35,TVOC
2025-04-20 21:19:40,0,0,33.78,157,28.44,36,TVOC
2025-04-20 21:20:40,0,0,33.77,159,28.46,36,TVOC
2025-04-20 21:21:40,0,0,33.75,163,28.48,37,TVOC
2025-04-20 21:22:40,0,0,33.67,164,28.49,38,TVOC
2025-04-20 21:23:40,0,0,33.61,163,28.51,37,TVOC
2025-04-20 21:24:40,0,0,33.6,162,28.52,37,TVOC
2025-04-20 21:25:40,0,0,33.56,164,28.53,38,TVOC
2025-04-20 21:26:39,0,0,33.57,165,28.55,38,TVOC
2025-04-20 21:27:39,0,0,33.52,167,28.56,38,TVOC
2025-04-20 21:28:39,0,0,33.53,168,28.59,38,TVOC
2025-04-20 21:29:39,0,0,33.44,171,28.61,39,TVOC
2025-04-20 21:30:39,0,0,33.4,171,28.63,39,TVOC
2025-04-20 21:31:39,0,0,33.39,171,28.65,39,TVOC
2025-04-20 21:32:39,0,0,33.37,174,28.67,40,TVOC
2025-04-20 21:33:39,0,0,33.35,176,28.69,40,TVOC
2025-04-20 21:34:39,0,0,33.29,180,28.7,41,TVOC
2025-04-20 21:35:39,0,0,33.26,179,28.72,41,TVOC
2025-04-20 21:36:39,0,0,33.19,180,28.74,41,TVOC
2025-04-20 21:37:38,0,0,33.17,177,28.76,41,TVOC
2025-04-20 21:38:38,0,0,33.16,182,28.78,42,TVOC
2025-04-20 21:39:38,0,0,33.11,184,28.79,42,TVOC
2025-04-20 21:40:38,0,0,33.15,185,28.81,42,TVOC
2025-04-20 21:41:38,0,0,33.06,190,28.83,44,TVOC
2025-04-20 21:42:37,0,0,33.01,186,28.85,43,TVOC
2025-04-20 21:43:37,0,0,32.99,185,28.86,42,TVOC
2025-04-20 21:44:37,0,0,32.98,188,28.88,43,TVOC
2025-04-20 21:45:37,0,0,32.96,189,28.9,43,TVOC
2025-04-20 21:46:36,0,0,32.94,190,28.92,44,TVOC
2025-04-20 21:47:36,0,0,32.88,190,28.93,44,TVOC
2025-04-20 21:48:36,0,0,32.87,192,28.94,44,TVOC
2025-04-20 21:49:36,0,0,32.83,192,28.96,44,TVOC
2025-04-20 21:50:36,0,0,32.8,195,28.98,45,TVOC
2025-04-20 21:51:36,0,0,32.8,195,28.99,45,TVOC
2025-04-20 21:52:36,0,0,32.74,197,29,45,TVOC
2025-04-20 21:53:36,0,0,32.71,197,29.02,45,TVOC
2025-04-20 21:54:36,0,0,32.69,196,29.04,45,TVOC
2025-04-20 21:55:36,0,0,32.67,195,29.06,45,TVOC
2025-04-20 21:56:35,0,0,32.58,196,29.07,45,TVOC
2025-04-20 21:57:35,0,0,32.63,196,29.09,45,TVOC
2025-04-20 21:58:35,0,0,32.59,201,29.12,46,TVOC
2025-04-20 21:59:35,0,0,32.55,201,29.14,46,TVOC
2025-04-20 22:00:35,0,0,32.52,197,29.15,45,TVOC
2025-04-20 22:01:35,0,0,32.54,202,29.17,46,TVOC
2025-04-20 22:02:34,0,0,32.49,202,29.2,46,TVOC
2025-04-20 22:03:34,0,0,32.45,202,29.22,46,TVOC
2025-04-20 22:04:34,0,0,32.45,201,29.23,46,TVOC
2025-04-20 22:05:34,0,0,32.42,204,29.24,47,TVOC
2025-04-20 22:06:33,0,0,32.39,204,29.26,47,TVOC
2025-04-20 22:07:33,0,0,32.35,204,29.28,47,TVOC
2025-04-20 22:08:33,0,0,32.35,205,29.3,47,TVOC
2025-04-20 22:09:33,0,0,32.29,205,29.31,47,TVOC
2025-04-20 22:10:33,0,0,32.26,203,29.33,47,TVOC
2025-04-20 22:11:33,0,0,32.24,204,29.34,47,TVOC
2025-04-20 22:12:33,0,0,32.23,206,29.36,47,TVOC
2025-04-20 22:13:33,0,0,32.19,206,29.39,47,TVOC
2025-04-20 22:14:33,0,0,32.19,209,29.4,48,TVOC
2025-04-20 22:15:32,0,0,32.17,207,29.41,47,TVOC
2025-04-20 22:16:32,0,0,32.13,210,29.42,48,TVOC
2025-04-20 22:17:32,0,0,32.09,209,29.44,48,TVOC
2025-04-20 22:18:32,0,0,32.06,209,29.45,48,TVOC
2025-04-20 22:19:32,0,0,32.03,211,29.47,48,TVOC
2025-04-20 22:20:32,0,0,32.02,210,29.48,48,TVOC
2025-04-20 22:21:31,0,0,32,208,29.5,48,TVOC
2025-04-20 22:22:32,0,0,31.95,212,29.51,49,TVOC
2025-04-20 22:23:32,0,0,31.95,212,29.53,49,TVOC
2025-04-20 22:24:32,0,0,31.91,211,29.54,48,TVOC
2025-04-20 22:25:31,0,0,31.93,212,29.56,49,TVOC
2025-04-20 22:26:31,0,0,31.93,214,29.58,49,TVOC
2025-04-20 22:27:31,0,0,31.86,216,29.6,50,TVOC
2025-04-20 22:28:31,0,0,31.85,215,29.61,49,TVOC
2025-04-20 22:29:31,0,0,31.86,216,29.62,50,TVOC
2025-04-20 22:30:31,0,0,31.81,219,29.64,50,TVOC
2025-04-20 22:31:31,0,0,31.78,219,29.66,50,TVOC
2025-04-20 22:32:30,0,0,31.77,221,29.68,51,TVOC
2025-04-20 22:33:30,0,0,31.73,218,29.69,50,TVOC
2025-04-20 22:34:30,0,0,31.7,218,29.7,50,TVOC
2025-04-20 22:35:29,0,0,31.71,215,29.71,49,TVOC
2025-04-20 22:36:29,0,0,31.66,216,29.72,50,TVOC
2025-04-20 22:37:29,0,0,31.66,216,29.73,50,TVOC
2025-04-20 22:38:29,0,0,31.96,217,29.76,50,TVOC
2025-04-20 22:39:29,0,0,32.17,233,29.76,52,TVOC
2025-04-20 22:40:29,0,0,32.12,238,29.77,53,TVOC
2025-04-20 22:41:28,0,0,32.17,235,29.75,52,TVOC
2025-04-20 22:42:29,0,0,32.23,236,29.73,52,TVOC
2025-04-20 22:43:29,0,0,32.32,233,29.69,52,TVOC
2025-04-20 22:44:28,0,0,32.4,232,29.65,52,TVOC
2025-04-20 22:45:28,0,0,32.5,228,29.59,51,TVOC
2025-04-20 22:46:28,0,0,32.59,226,29.52,51,TVOC
2025-04-20 22:47:28,0,0,32.67,228,29.46,51,TVOC
2025-04-20 22:48:28,0,0,32.77,225,29.38,51,TVOC
2025-04-20 22:49:28,0,0,32.8,223,29.31,51,TVOC
2025-04-20 22:50:28,0,0,35.22,236,29.25,52,TVOC
2025-04-21 09:30:13,,,52.94,,22.94,,
2025-04-21 09:31:13,1,1,45.52,,23.18,4,PM2.5
2025-04-21 09:32:13,2,1,46.13,,22.89,4,PM2.5
2025-04-21 09:33:13,0,0,46.6,,22.75,0,PM10
2025-04-21 09:34:12,0,0,47.09,,22.65,0,PM10
2025-04-21 09:35:12,1,0,47.47,,22.57,0,PM10
2025-04-21 09:36:12,0,0,47.81,3,22.51,0,PM10
2025-04-21 09:37:12,2,2,48.14,4,22.47,8,PM2.5
2025-04-21 09:38:12,0,0,48.35,2,22.44,0,PM10
2025-04-21 09:39:12,2,1,48.5,3,22.42,4,PM2.5
2025-04-21 09:40:12,0,0,48.59,3,22.44,0,PM10
2025-04-21 09:41:12,1,0,48.63,2,22.45,0,PM10
2025-04-21 09:42:12,0,0,48.73,4,22.46,0,PM10
2025-04-21 09:43:12,2,0,48.84,6,22.49,1,PM10
2025-04-21 09:44:12,2,1,49.04,7,22.52,4,PM2.5
2025-04-21 09:45:12,1,0,49.01,5,22.55,1,TVOC
2025-04-21 09:46:11,0,0,49.13,16,22.6,3,TVOC
2025-04-21 09:47:11,0,0,49.22,26,22.65,6,TVOC
2025-04-21 09:48:11,0,0,49.29,31,22.7,7,TVOC
2025-04-21 09:49:11,0,0,49.31,35,22.76,8,TVOC
2025-04-21 09:50:11,0,0,49.36,33,22.83,7,TVOC
2025-04-21 09:51:11,0,0,49.51,37,22.88,8,TVOC
2025-04-21 09:52:11,0,0,49.43,41,22.94,9,TVOC
2025-04-21 09:53:11,0,0,49.44,42,23,9,TVOC
2025-04-21 09:54:11,0,0,49.47,39,23.07,9,TVOC
2025-04-21 09:55:10,0,0,49.42,45,23.14,10,TVOC
2025-04-21 09:56:10,0,0,49.43,43,23.2,9,TVOC
2025-04-21 09:57:10,0,0,49.35,42,23.25,9,TVOC
2025-04-21 09:58:10,0,0,49.29,44,23.31,10,TVOC
2025-04-21 09:59:10,0,0,49.19,45,23.36,10,TVOC
2025-04-21 10:00:10,0,0,49.04,44,23.41,10,TVOC
2025-04-21 10:01:10,0,0,48.88,42,23.46,9,TVOC
2025-04-21 10:02:10,0,0,48.73,39,23.51,9,TVOC
2025-04-21 10:03:10,0,0,48.66,35,23.54,8,TVOC
2025-04-21 10:04:10,0,0,48.64,35,23.57,8,TVOC
2025-04-21 10:05:10,0,0,48.76,34,23.6,7,TVOC
2025-04-21 10:06:10,0,0,48.61,31,23.63,7,TVOC
2025-04-21 10:07:09,0,0,48.61,32,23.66,7,TVOC
2025-04-21 10:08:09,0,0,48.42,31,23.7,7,TVOC
2025-04-21 10:09:09,0,0,48.31,29,23.75,6,TVOC
2025-04-21 10:10:09,0,0,48.26,26,23.78,6,TVOC
2025-04-21 10:11:09,0,0,48.13,24,23.82,5,TVOC
2025-04-21 10:12:09,0,0,48.03,20,23.87,4,TVOC
2025-04-21 10:13:09,0,0,48.03,18,23.9,4,TVOC
2025-04-21 10:14:09,0,0,47.87,17,23.93,3,TVOC
2025-04-21 10:15:09,0,0,48.07,15,23.95,3,TVOC
2025-04-21 10:16:08,0,0,47.96,21,23.97,4,TVOC
2025-04-21 10:17:08,0,0,47.83,17,24,3,TVOC
2025-04-21 10:18:08,0,0,47.81,17,24.03,3,TVOC
2025-04-21 10:19:08,0,0,47.71,18,24.07,4,TVOC
2025-04-21 10:20:09,0,0,47.59,16,24.11,3,TVOC
2025-04-21 10:21:09,0,0,47.44,9,24.15,2,TVOC
2025-04-21 10:22:09,0,0,47.4,8,24.18,1,TVOC
2025-04-21 10:23:09,0,0,47.39,6,24.2,1,TVOC
2025-04-21 10:24:08,0,0,47.26,7,24.22,1,TVOC
2025-04-21 10:25:08,0,0,47.5,6,24.23,1,TVOC
2025-04-21 10:26:08,0,0,47.32,10,24.24,2,TVOC
2025-04-21 10:27:08,0,0,47.28,11,24.27,2,TVOC
2025-04-21 10:28:08,0,0,47.47,11,24.3,2,TVOC
2025-04-21 10:29:08,0,0,47.32,9,24.33,2,TVOC
2025-04-21 10:30:07,0,0,47.28,9,24.37,2,TVOC
2025-04-21 10:31:07,0,0,47.14,7,24.39,1,TVOC
2025-04-21 10:32:07,0,0,47.2,5,24.4,1,TVOC
2025-04-21 10:33:07,0,0,47.53,6,24.41,1,TVOC
2025-04-21 10:34:07,0,0,47.61,9,24.42,2,TVOC
2025-04-21 10:35:06,0,0,47.55,10,24.44,2,TVOC
2025-04-21 10:36:06,0,0,47.63,7,24.46,1,TVOC
2025-04-21 10:37:06,0,0,47.52,12,24.49,2,TVOC
2025-04-21 10:38:06,0,0,47.55,9,24.51,2,TVOC
2025-04-21 10:39:06,0,0,47.45,9,24.54,2,TVOC
2025-04-21 10:40:06,0,0,47.39,9,24.57,2,TVOC
2025-04-21 10:41:06,0,0,47.31,7,24.58,1,TVOC
2025-04-21 10:42:06,0,0,47.31,7,24.59,1,TVOC
2025-04-21 10:43:06,0,0,47.42,7,24.6,1,TVOC
2025-04-21 10:44:06,0,0,47.54,8,24.6,1,TVOC
2025-04-21 10:45:05,0,0,47.54,10,24.6,2,TVOC
2025-04-21 10:46:05,0,0,47.44,8,24.62,1,TVOC
2025-04-21 10:47:05,0,0,47.56,12,24.63,2,TVOC
2025-04-21 10:48:05,0,0,47.42,9,24.66,2,TVOC
2025-04-21 10:49:05,0,0,47.28,10,24.67,2,TVOC
2025-04-21 10:50:05,0,0,47.3,6,24.69,1,TVOC
2025-04-21 10:51:05,0,0,47.17,7,24.71,1,TVOC
2025-04-21 10:52:05,0,0,47.11,5,24.72,1,TVOC
2025-04-21 10:53:04,0,0,47.13,8,24.71,1,TVOC
2025-04-21 10:54:04,0,0,47.24,6,24.72,1,TVOC
2025-04-21 10:55:04,0,0,47.42,7,24.73,1,TVOC
2025-04-21 10:56:04,0,0,47.29,11,24.73,2,TVOC
2025-04-21 10:57:04,0,0,47.48,11,24.75,2,TVOC
2025-04-21 10:58:04,0,0,47.39,16,24.77,3,TVOC
2025-04-21 10:59:04,0,0,47.34,16,24.79,3,TVOC
2025-04-21 11:00:04,0,0,47.31,14,24.81,3,TVOC
2025-04-21 11:01:04,0,0,47.24,12,24.82,2,TVOC
2025-04-21 11:02:04,0,0,47.14,12,24.84,2,TVOC
2025-04-21 11:03:04,0,0,47.31,12,24.84,2,TVOC
2025-04-21 11:04:04,0,0,47.31,12,24.84,2,TVOC
2025-04-21 11:05:03,0,0,47.16,12,24.84,2,TVOC
2025-04-21 11:06:03,0,0,47.17,11,24.84,2,TVOC
2025-04-21 11:07:03,0,0,47.11,12,24.84,2,TVOC
2025-04-21 11:08:03,0,0,47.09,13,24.85,3,TVOC
2025-04-21 11:09:03,0,0,47.05,16,24.87,3,TVOC
